z,tracer,DV_over_rd_model,DV_over_rd,DV_over_rd_err,DM_over_rd_model,DH_over_rd_model,DM_over_rd,DM_over_rd_err,DH_over_rd,DH_over_rd_err
0.3,BGS,8.159880237831269,7.93,0.15,,,,,,
0.51,LRG1,,,,13.451642398290732,22.474979685249597,13.62,0.25,20.98,0.61
0.71,LRG2,,,,17.672856390397392,19.796124118491278,16.85,0.32,20.08,0.6
0.92,LRG3,,,,21.56829636146764,17.368386689058937,21.81,0.31,17.83,0.38
0.93,LRG3+ELG1,,,,21.741449596948275,17.262384490310804,21.71,0.28,17.88,0.35
0.95,ELG1,19.917445833823493,20.01,0.41,,,,,,
1.32,ELG2,,,,27.749157645721574,13.733404714091412,27.79,0.69,13.82,0.42
1.49,QSO,25.589137242585657,26.07,0.67,,,,,,
